timestamp,player_code
2024-12-23 21:00,ItDev
2024-12-23 21:00,FilmSA
2024-12-23 21:00,AeSDE
2024-12-23 21:00,AeSDE
2024-12-23 21:00,AeSDE
2025-01-06 21:00,ItDev
2025-01-06 21:00,FilmSA
2025-01-06 21:00,OIoT
2025-01-06 21:00,KuangIoT
2025-01-06 21:00,MaxHead
2025-01-06 21:00,AuiSRE
2025-01-06 21:00,NopDev
2025-01-06 21:00,JimmyHCI
2025-01-06 21:00,BoatIoT
2025-01-13 21:00,BenzIoT
2025-01-13 21:00,BoatIoT
2025-01-13 21:00,NopDev
2025-01-13 21:00,PongHead
2025-01-13 21:00,JimmyHCI
2025-01-13 21:00,KuangIoT
2025-01-13 21:00,OIoT
2025-01-13 21:00,MaxHead
2025-01-13 21:00,PatSRE
2025-01-13 21:00,PatSRE
2025-01-13 21:00,LillyBA
2025-01-20 21:00,NutBD
2025-01-20 21:00,MarchBD
2025-01-20 21:00,BoatIoT
2025-01-20 21:00,ItDev
2025-01-20 21:00,PongHead
2025-01-20 21:00,OIoT
2025-01-20 21:00,KuangIoT
2025-01-20 21:00,JimmyHCI
2025-01-20 21:00,BenzIoT
2025-01-27 21:00,BenzIoT
2025-01-27 21:00,BoatIoT
2025-01-27 21:00,WizQA
2025-01-27 21:00,NopDev
2025-01-27 21:00,KuangIoT
2025-01-27 21:00,PongHead
2025-01-27 21:00,ItDev
2025-01-27 21:00,JimmyHCI
2025-01-27 21:00,OIoT
2025-02-03 21:00,OIoT
2025-02-03 21:00,PongHead
2025-02-03 21:00,JimmyHCI
2025-02-03 21:00,ItDev
2025-02-07 21:00,ItDev
2025-02-07 21:00,FilmSA
2025-02-07 21:00,OIoT
2025-02-07 21:00,KuangIoT
2025-02-10 21:00,BenzIoT
2025-02-10 21:00,KuangIoT
2025-02-10 21:00,OIoT
2025-02-10 21:00,JimmyHCI
2025-02-10 21:00,LillyBA
2025-02-10 21:00,FilmSA
